KIR2DL1	2	KIR2DL1*035	42.966100	15	KIR2DL1*003	42.088597	14
KIR2DL2	2	KIR2DL2*003	41.159436	13	KIR2DL2*004	37.172034	11
KIR2DL3	1	KIR2DL3*001	83.950735	38	.	0	-1
KIR2DL4	0	.	0	-1	.	0	-1
KIR2DL5A	0	.	0	-1	.	0	-1
KIR2DL5B	2	KIR2DL5B*038	49.898209	30	KIR2DL5B*035	42.935668	25
KIR2DS1	2	KIR2DS1*004	42.897909	15	KIR2DS1*011	40.296438	14
KIR2DS2	0	.	0	-1	.	0	-1
KIR2DS3	0	.	0	-1	.	0	-1
KIR2DS4	0	.	0	-1	.	0	-1
KIR2DS5	2	KIR2DS5*012	42.806183	17	KIR2DS5*002	26.159334	8
KIR3DL1	0	.	0	-1	.	0	-1
KIR3DL2	2	KIR3DL2*047	44.958454	25	KIR3DL2*086	23.662869	11
KIR3DL3	2	KIR3DL3*013	35.648906	18	KIR3DL3*002	26.524477	12
KIR3DS1	2	KIR3DS1*013	47.035573	24	KIR3DS1*048	47.035573	24
KIR2DP1	2	KIR2DP1*010	48.706292	17	KIR2DP1*003	34.517990	10
KIR3DP1	0	.	0	-1	.	0	-1
